reduction_oppo,pmpm,costpct
Disease Management,58.06617561,0.056374928
Referral Optimization,31.37124192,0.030457516
Overuse Reduction,29.86677204,0.028996866
Readmission Reduction,20.50361719,0.019906424
Service Optimization,20.33406709,0.019741813