reduction_oppo,pmpm,costpct
Disease Management,58.06617561,0.056374928
Overuse Reduction,29.86677204,0.028996866
Readmission Reduction,20.50361719,0.019906424
Service Optimization,15.47518368,0.01502445
Post Acute Care Optimization,19.0299653,0.018475694