name,base,adj
Target(Unadj),18333.33333,0
Risk Adj,16666.66667,1666.666667
Fee Schedule Adj,16666.66667,1250
Target(Adj),17916.66667,0
